{
  "gtMaxLevel": 100,
  "critBase": [0.031891, 0.032685, -0.01532, -0.00295, 0.031765, 0.031891, 0.02922, 0.03454, 0.02622, 0.2, 0.074755],
  "critRatio": [0.002587, 0.002264, 0.002264, 0.002264, 0.002264, 0.002012, 0.002012, 0.002012, 0.002012, 0.002012, 0.001811, 0.001811, 0.001646, 0.001646, 0.001509, 0.001509, 0.001509, 0.001393, 0.001393, 0.001293, 0.001293, 0.001293, 0.001207, 0.001132, 0.001132, 0.001065, 0.001065, 0.001006, 0.001006, 0.000953, 0.000953, 0.000905, 0.000905, 0.000862, 0.000862, 0.000823, 0.000823, 0.000787, 0.000787, 0.000755, 0.000724, 0.000724, 0.000696, 0.000696, 0.000671, 0.000671, 0.000647, 0.000624, 0.000624, 0.000604, 0.000604, 0.000584, 0.000566, 0.000566, 0.000549, 0.000549, 0.000533, 0.000517, 0.000517, 0.000503, 0.000477, 0.000453, 0.000431, 0.000421, 0.000402, 0.000385, 0.00037, 0.000355, 0.000342, 0.000335, 0.000312, 0.000287, 0.000266, 0.000248, 0.000232, 0.000216, 0.000199, 0.000185, 0.000172, 0.00016, 0.000148, 0.000138, 0.000128, 0.00012, 0.000111, 0.000103, 9.6E-05, 8.9E-05, 8.3E-05, 7.7E-05, 7.2E-05, 6.7E-05, 6.2E-05, 5.7E-05, 5.3E-05, 5E-05, 4.6E-05, 4.3E-05, 4E-05, 3.7E-05, 0.002164, 0.002164, 0.002164, 0.001924, 0.001924, 0.001924, 0.001924, 0.001732, 0.001732, 0.001732, 0.001732, 0.001732, 0.001574, 0.001574, 0.001443, 0.001443, 0.001443, 0.001332, 0.001332, 0.001237, 0.001237, 0.001237, 0.001154, 0.001082, 0.001082, 0.001082, 0.001019, 0.001019, 0.000962, 0.000962, 0.000911, 0.000911, 0.000866, 0.000866, 0.000825, 0.000825, 0.000825, 0.000787, 0.000787, 0.000753, 0.000753, 0.000753, 0.000721, 0.000693, 0.000693, 0.000666, 0.000666, 0.000641, 0.000641, 0.000618, 0.000597, 0.000597, 0.000577, 0.000577, 0.000559, 0.000559, 0.000541, 0.000525, 0.000525, 0.000509, 0.000495, 0.000481, 0.000468, 0.000456, 0.000444, 0.000444, 0.000422, 0.000422, 0.000412, 0.000403, 0.000368, 0.000346, 0.000321, 0.000299, 0.000275, 0.000258, 0.00024, 0.000222, 0.000206, 0.000192, 0.00018, 0.000168, 0.000159, 0.000151, 0.000142, 0.000135, 0.000128, 0.000123, 0.000118, 0.000112, 0.000108, 0.000104, 0.0001, 9.7E-05, 9.3E-05, 9E-05, 8.7E-05, 8.4E-05, 8.2E-05, 8E-05, 0.00284, 0.002834, 0.002711, 0.00253, 0.00243, 0.002337, 0.002251, 0.002171, 0.002051, 0.001984, 0.001848, 0.00167, 0.001547, 0.001441, 0.00133, 0.001267, 0.001194, 0.001117, 0.00106, 0.000998, 0.000962, 0.00091, 0.000872, 0.000829, 0.000797, 0.000767, 0.000734, 0.000709, 0.00068, 0.000654, 0.000637, 0.000614, 0.000592, 0.000575, 0.000556, 0.000541, 0.000524, 0.000508, 0.000493, 0.000481, 0.00047, 0.000457, 0.000444, 0.000433, 0.000421, 0.000413, 0.000402, 0.000391, 0.000382, 0.000373, 0.000366, 0.000358, 0.00035, 0.000341, 0.000334, 0.000328, 0.000321, 0.000314, 0.000307, 0.000301, 0.000297, 0.00029, 0.000284, 0.000279, 0.000273, 0.00027, 0.000264, 0.000259, 0.000254, 0.00025, 0.000232, 0.000216, 0.000201, 0.000187, 0.000173, 0.000161, 0.00015, 0.000139, 0.000129, 0.00012, 0.000131, 0.000129, 0.000127, 0.000124, 0.000123, 0.000121, 0.000119, 0.000117, 0.000115, 0.000114, 0.000112, 0.000111, 0.000109, 0.000108, 0.000106, 0.000105, 0.000103, 0.000102, 0.0001, 9.9E-05, 0.004476, 0.00429, 0.004118, 0.003813, 0.003677, 0.00355, 0.003321, 0.003217, 0.00312, 0.002941, 0.00264, 0.002394, 0.002145, 0.00198, 0.001775, 0.00166, 0.00156, 0.00145, 0.001355, 0.001271, 0.001197, 0.001144, 0.001084, 0.00104, 0.00098, 0.000936, 0.000903, 0.000865, 0.00083, 0.000792, 0.000768, 0.000741, 0.000715, 0.000691, 0.000664, 0.000643, 0.000628, 0.000609, 0.000592, 0.000572, 0.000556, 0.000542, 0.000528, 0.000512, 0.000497, 0.000486, 0.000474, 0.000464, 0.000454, 0.00044, 0.000431, 0.000422, 0.000412, 0.000404, 0.000394, 0.000386, 0.000378, 0.00037, 0.000364, 0.000355, 0.000334, 0.000322, 0.000307, 0.000296, 0.000286, 0.000276, 0.000268, 0.000262, 0.000256, 0.00025, 0.000232, 0.000216, 0.000201, 0.000187, 0.000173, 0.000161, 0.00015, 0.000139, 0.000129, 0.00012, 0.000112, 0.000105, 9.9E-05, 9.4E-05, 8.9E-05, 8.5E-05, 8.1E-05, 7.7E-05, 7.4E-05, 7.1E-05, 6.8E-05, 6.5E-05, 6.3E-05, 6.1E-05, 5.9E-05, 5.7E-05, 5.5E-05, 5.3E-05, 5.2E-05, 5E-05, 0.000912, 0.000912, 0.000912, 0.000868, 0.000868, 0.000868, 0.000868, 0.000829, 0.000829, 0.000829, 0.000829, 0.000793, 0.000793, 0.000793, 0.000793, 0.00076, 0.00076, 0.00076, 0.000729, 0.000729, 0.000729, 0.000729, 0.000701, 0.000701, 0.000701, 0.000675, 0.000675, 0.000675, 0.000651, 0.000651, 0.000651, 0.000629, 0.000629, 0.000629, 0.000608, 0.000608, 0.000608, 0.000588, 0.000588, 0.000588, 0.00057, 0.00057, 0.000553, 0.000553, 0.000553, 0.000536, 0.000536, 0.000521, 0.000521, 0.000521, 0.000507, 0.000507, 0.000493, 0.000493, 0.00048, 0.00048, 0.000468, 0.000468, 0.000456, 0.000456, 0.000445, 0.000446, 0.000443, 0.000434, 0.000427, 0.000421, 0.000415, 0.000413, 0.000412, 0.000401, 0.000372, 0.000344, 0.00032, 0.000299, 0.000276, 0.000257, 0.00024, 0.000222, 0.000207, 0.000192, 0.000385, 0.000385, 0.000377, 0.00037, 0.00037, 0.000364, 0.000357, 0.000357, 0.000351, 0.000345, 0.000345, 0.000339, 0.000333, 0.000328, 0.000328, 0.000323, 0.000317, 0.000313, 0.000308, 0.000308, 0.002587, 0.002264, 0.002264, 0.002264, 0.002264, 0.002012, 0.002012, 0.002012, 0.002012, 0.002012, 0.001811, 0.001811, 0.001646, 0.001646, 0.001509, 0.001509, 0.001509, 0.001393, 0.001393, 0.001293, 0.001293, 0.001293, 0.001207, 0.001132, 0.001132, 0.001065, 0.001065, 0.001006, 0.001006, 0.000953, 0.000953, 0.000905, 0.000905, 0.000862, 0.000862, 0.000823, 0.000823, 0.000787, 0.000787, 0.000755, 0.000724, 0.000724, 0.000696, 0.000696, 0.000671, 0.000671, 0.000647, 0.000624, 0.000624, 0.000604, 0.000604, 0.000584, 0.000566, 0.000566, 0.000549, 0.000549, 0.000533, 0.000517, 0.000517, 0.000503, 0.000477, 0.000453, 0.000431, 0.000421, 0.000402, 0.000385, 0.00037, 0.000355, 0.000342, 0.000335, 0.000312, 0.000287, 0.000266, 0.000248, 0.000232, 0.000216, 0.000199, 0.000185, 0.000172, 0.00016, 0.000148, 0.000138, 0.000128, 0.00012, 0.000111, 0.000103, 9.6E-05, 8.9E-05, 8.3E-05, 7.7E-05, 7.2E-05, 6.7E-05, 6.2E-05, 5.7E-05, 5.3E-05, 5E-05, 4.6E-05, 4.3E-05, 4E-05, 3.7E-05, 0.001039, 0.001039, 0.00099, 0.00099, 0.000945, 0.000945, 0.000945, 0.000903, 0.000903, 0.000866, 0.000866, 0.000831, 0.000831, 0.000799, 0.00077, 0.000742, 0.000742, 0.000717, 0.000717, 0.00067, 0.00067, 0.000649, 0.000649, 0.00063, 0.000611, 0.000594, 0.000594, 0.000577, 0.000577, 0.000547, 0.000547, 0.000533, 0.00052, 0.00052, 0.000495, 0.000483, 0.000483, 0.000472, 0.000472, 0.000452, 0.000442, 0.000442, 0.000433, 0.000424, 0.000416, 0.000407, 0.0004, 0.000392, 0.000392, 0.000378, 0.000371, 0.000365, 0.000365, 0.000358, 0.000346, 0.000341, 0.000335, 0.000335, 0.00033, 0.00032, 0.00031, 0.000304, 0.000294, 0.000285, 0.000281, 0.000273, 0.000267, 0.000261, 0.000255, 0.00025, 0.000232, 0.000216, 0.000201, 0.000187, 0.000173, 0.000161, 0.00015, 0.000139, 0.000129, 0.00012, 0.000371, 0.000363, 0.000359, 0.000355, 0.000347, 0.000344, 0.00034, 0.000333, 0.00033, 0.000324, 0.00032, 0.000314, 0.000311, 0.000308, 0.0003, 0.000297, 0.000295, 0.000289, 0.000287, 0.000282, 0.000773, 0.000773, 0.000773, 0.000736, 0.000736, 0.000736, 0.000736, 0.000736, 0.000736, 0.000703, 0.000703, 0.000703, 0.000703, 0.000703, 0.000672, 0.000672, 0.000672, 0.000672, 0.000672, 0.000644, 0.000644, 0.000644, 0.000644, 0.000618, 0.000618, 0.000618, 0.000618, 0.000618, 0.000595, 0.000595, 0.000595, 0.000595, 0.000573, 0.000573, 0.000573, 0.000552, 0.000552, 0.000552, 0.000552, 0.000533, 0.000533, 0.000533, 0.000533, 0.000515, 0.000515, 0.000515, 0.000499, 0.000499, 0.000499, 0.000483, 0.000483, 0.000483, 0.000468, 0.000468, 0.000468, 0.000455, 0.000455, 0.000455, 0.000442, 0.000442, 0.000442, 0.000442, 0.000429, 0.000429, 0.000429, 0.000418, 0.000418, 0.000418, 0.000407, 0.000407, 0.000377, 0.000351, 0.000329, 0.000303, 0.000281, 0.000262, 0.000242, 0.000227, 0.000209, 0.000196, 0.000184, 0.000174, 0.000164, 0.000156, 0.000149, 0.000142, 0.000136, 0.00013, 0.000125, 0.00012, 0.000115, 0.000111, 0.000107, 0.000104, 0.0001, 9.7E-05, 9.4E-05, 9.1E-05, 8.9E-05, 